Time(ms),X(mT),Y(mT),Z(mT),XY_Angle(deg),XZ_Angle(deg)
10,-2.4780,-2.6611,2.0142,47.04,337.88
20,-2.1973,-2.5513,2.0874,49.26,334.59
30,-2.7588,-2.5757,2.0142,43.03,339.95
40,-2.3315,-2.5757,1.9897,47.85,336.89
50,-2.6733,-2.6123,2.0996,44.34,338.56
60,-2.5269,-2.5024,2.0874,44.72,337.56
70,-2.3315,-2.4658,2.1973,46.60,334.77
80,-2.6611,-2.7100,2.1729,45.52,337.79
90,-2.6733,-2.4780,2.1240,42.83,338.33
100,-2.9297,-2.5635,2.0874,41.19,340.39
110,-2.4658,-2.6367,2.1240,46.92,336.70
120,-2.4658,-2.6001,2.0630,46.52,337.30
130,-2.6123,-2.5513,2.0996,44.32,338.11
140,-2.5757,-2.3926,2.1362,42.89,337.48
150,-2.5757,-2.7710,2.1484,47.09,337.36
160,-2.4902,-2.5635,2.0386,45.83,337.74
170,-2.6245,-2.4414,2.2217,42.93,337.06
180,-2.5635,-2.5024,2.1973,44.31,336.80
190,-2.6489,-2.6123,2.0874,44.60,338.50
200,-2.7222,-2.4170,2.0996,41.60,338.91
210,-2.4414,-2.2827,2.0874,43.08,336.85
220,-2.6367,-2.5879,2.1118,44.46,338.18
230,-2.4292,-2.5757,2.1606,46.68,336.02
240,-2.4536,-2.4658,2.1484,45.14,336.36
250,-2.5146,-2.5879,2.0752,45.82,337.58
260,-2.3926,-2.3926,2.0386,45.00,336.93
270,-2.5513,-2.4658,2.0630,44.02,337.99
280,-2.6978,-2.6001,2.0142,43.94,339.53
290,-2.7832,-2.4658,2.1362,41.54,339.00
300,-2.6367,-2.6001,2.1118,44.60,338.18
310,-2.7832,-2.6489,2.1606,43.58,338.79
320,-2.7100,-2.5024,2.0386,42.72,339.39
330,-2.7344,-2.5879,2.0874,43.42,339.11
340,-2.3804,-2.5146,2.0752,46.57,336.45
350,-2.5635,-2.2461,2.0508,41.22,338.20
360,-2.5879,-2.5146,2.1362,44.18,337.57
370,-2.6611,-2.4780,2.1851,42.96,337.68
380,-2.5879,-2.3682,2.1729,42.46,337.23
390,-2.4414,-2.4414,2.1729,45.00,336.01
400,-2.7222,-2.5635,2.1729,43.28,338.24
410,-2.4414,-2.7954,2.1484,48.87,336.25
420,-2.7222,-2.5391,1.9653,43.01,340.15
430,-2.5879,-2.3071,2.0874,41.72,338.04
440,-2.6001,-2.1606,2.0874,39.73,338.13
450,-2.7832,-2.5391,2.0874,42.37,339.44
460,-2.6123,-2.4292,2.1240,42.92,337.88
470,-2.8442,-2.6123,2.0630,42.57,340.07
480,-2.4658,-2.6245,2.0630,46.79,337.30
490,-2.7466,-2.3682,2.1362,40.77,338.75
500,-2.7954,-2.4048,2.0630,40.70,339.75
510,-2.5635,-2.6978,2.1118,46.46,337.61
520,-2.3682,-2.6001,2.1484,47.67,335.60
530,-2.4414,-2.3682,2.0386,44.13,337.34
540,-2.5635,-2.5757,2.0386,45.14,338.32
550,-2.7222,-2.4780,2.1118,42.31,338.80
560,-2.6611,-2.5391,2.0508,43.66,338.93
570,-2.5757,-2.3926,2.0752,42.89,338.06
580,-2.8076,-2.8564,2.0752,45.49,339.72
590,-2.4170,-2.5146,2.0142,46.13,337.38
600,-2.7222,-2.3315,2.1484,40.58,338.46
610,-2.6611,-2.6855,2.1484,45.26,338.02
620,-2.5757,-2.6611,2.1484,45.93,337.36
630,-2.5391,-2.6245,2.0630,45.95,337.89
640,-2.6367,-2.4902,2.2095,43.36,337.27
650,-2.7100,-2.5879,2.0508,43.68,339.27
660,-2.4658,-2.6978,2.1240,47.57,336.70
670,-2.6489,-2.6245,2.0020,44.73,339.30
680,-2.3926,-2.5513,2.0508,46.84,336.80
690,-2.7100,-2.5391,2.0508,43.14,339.27
700,-2.3682,-2.4048,2.0874,45.44,336.22
710,-2.6733,-2.5513,2.0752,43.66,338.79
720,-2.5757,-2.6855,2.1851,46.20,337.01
730,-2.5879,-2.9175,2.0264,48.43,338.62
740,-2.5879,-2.5146,1.9653,44.18,339.21
750,-2.7100,-2.4902,2.2217,42.58,337.71
760,-2.4902,-2.4902,2.1240,45.00,336.90
770,-2.6978,-2.5879,2.1606,43.81,338.18
780,-2.6245,-2.5391,2.1973,44.05,337.29
790,-2.6733,-2.6855,2.0752,45.13,338.79
800,-2.4658,-2.6367,2.1851,46.92,336.10
810,-2.6001,-2.4658,2.1973,43.48,337.09
820,-2.7344,-2.6611,2.1362,44.22,338.66
830,-2.4170,-2.3926,2.1484,44.71,336.04
840,-2.7222,-2.6855,2.0874,44.61,339.02
850,-2.7588,-2.5391,2.1240,42.63,338.95
860,-2.8198,-2.4292,2.0630,40.74,339.91
870,-2.5757,-2.5269,2.1362,44.45,337.48
880,-2.3560,-2.4170,2.0752,45.73,336.23
890,-2.5391,-2.3804,2.1851,43.15,336.72
900,-2.5513,-2.5757,2.0752,45.27,337.87
910,-2.7588,-2.4902,2.1362,42.07,338.84
920,-2.7100,-2.6978,2.1729,44.87,338.15
930,-2.5269,-2.3682,2.0874,43.14,337.56
940,-2.5879,-2.6367,2.1606,45.54,337.34
950,-2.6367,-2.7344,2.1606,46.04,337.72
960,-2.6001,-2.4170,2.0630,42.91,338.36
970,-2.3682,-2.6611,2.1484,48.33,335.60
980,-2.6001,-2.6855,2.0630,45.93,338.36
990,-2.5757,-2.5391,2.0264,44.59,338.53
1000,-2.7588,-2.4658,2.1851,41.79,338.40
1010,-2.6245,-2.3804,2.0874,42.21,338.31
1020,-2.7832,-2.1973,2.1118,38.29,339.22
1030,-2.7466,-2.7100,2.2095,44.62,338.09
1040,-2.6245,-2.5879,2.1118,44.60,338.08
1050,-2.4414,-2.5146,2.0630,45.85,337.10
1060,-2.6855,-2.4780,2.0386,42.70,339.22
1070,-2.6733,-2.5879,2.1729,44.07,337.88
1080,-2.6367,-2.4658,2.1240,43.08,338.06
1090,-2.6611,-2.4658,2.1851,42.82,337.68
1100,-2.8198,-2.5146,1.9897,41.73,340.57
1110,-2.6367,-2.4536,2.0386,42.94,338.86
1120,-2.5146,-2.3926,2.1484,43.58,336.87
1130,-2.6733,-2.4658,2.0142,42.69,339.36
1140,-2.4414,-2.4292,2.0752,44.86,336.97
1150,-2.6855,-2.4902,2.0874,42.84,338.76
1160,-2.4414,-2.5757,2.1240,46.53,336.49
1170,-2.6611,-2.7710,2.0874,46.16,338.58
1180,-2.5879,-2.3926,2.1484,42.75,337.46
1190,-2.7954,-2.6245,2.0264,43.19,340.08
1200,-2.8198,-2.3682,2.1362,40.02,339.25
1210,-2.6367,-2.6245,2.0386,44.87,338.86
1220,-2.6123,-2.3071,2.0752,41.45,338.34
1230,-2.5879,-2.5146,2.0508,44.18,338.39
1240,-2.6733,-2.5879,2.1362,44.07,338.22
1250,-2.5146,-2.4780,2.1118,44.58,337.22
1260,-2.4048,-2.6855,2.0630,48.16,336.78
1270,-2.6245,-2.6367,2.2461,45.13,336.83
1280,-2.6367,-2.5391,2.0996,43.92,338.29
1290,-2.5391,-2.3071,2.0752,42.26,337.77
1300,-2.5024,-2.4170,2.1362,44.00,336.89
1310,-2.8076,-2.7710,2.1118,44.62,339.39
1320,-2.6855,-2.7344,2.0874,45.52,338.76
1330,-2.4292,-2.3926,2.1362,44.56,336.26
1340,-2.5757,-2.4292,2.1851,43.32,337.01
1350,-2.6245,-2.3926,2.1729,42.35,337.51
1360,-2.6733,-2.3682,2.1118,41.54,338.45
1370,-2.4048,-2.7466,2.1484,48.80,335.93
1380,-2.6733,-2.6123,2.0752,44.34,338.79
1390,-2.6367,-2.6855,2.1118,45.53,338.18
1400,-2.4658,-2.6611,2.1484,47.18,336.46
1410,-2.5757,-2.7710,2.0630,47.09,338.18
1420,-2.4536,-2.6855,2.0874,47.58,336.96
1430,-2.6367,-2.6367,2.1729,45.00,337.61
1440,-2.4414,-2.6367,2.1362,47.20,336.37
1450,-2.7710,-2.3315,2.1118,40.08,339.14
1460,-2.7832,-2.5146,2.1118,42.10,339.22
1470,-2.5635,-2.5391,2.2095,44.73,336.69
1480,-2.5757,-2.4780,2.1729,43.89,337.13
1490,-2.6611,-2.4536,2.1118,42.68,338.36
1500,-2.5635,-2.4292,2.1484,43.46,337.26
1510,-2.4658,-2.5513,2.1729,45.98,336.22
1520,-2.5879,-2.4780,2.0630,43.76,338.27
1530,-2.3682,-2.6001,2.1606,47.67,335.48
1540,-2.7466,-2.5146,2.0508,42.48,339.53
1550,-2.5024,-2.4536,2.0264,44.44,337.96
1560,-2.7588,-2.7222,2.1240,44.62,338.95
1570,-2.7222,-2.6367,2.1240,44.09,338.69
1580,-2.2583,-2.4536,2.0386,47.37,335.71
1590,-2.7710,-2.6489,2.1729,43.71,338.59
1600,-2.7954,-2.4170,2.0752,40.85,339.64
1610,-2.5391,-2.4292,2.0264,43.73,338.25
1620,-2.6611,-2.5146,2.0386,43.38,339.04
1630,-2.4658,-2.3926,2.1484,44.14,336.46
1640,-2.7344,-2.6367,2.0996,43.96,339.00
1650,-2.6367,-2.5146,2.0508,43.64,338.75
1660,-2.4658,-2.6611,2.0874,47.18,337.06
1670,-2.4536,-2.3804,2.0630,44.13,337.20
1680,-2.6611,-2.6855,2.1606,45.26,337.90
1690,-2.6123,-2.5635,2.0996,44.46,338.11
1700,-2.7954,-2.5146,2.1606,41.97,338.87
1710,-2.5513,-2.4536,2.0996,43.88,337.63
1720,-2.6733,-2.6001,2.0996,44.20,338.56
1730,-2.6855,-2.4536,2.0874,42.42,338.76
1740,-2.5879,-2.6123,2.0630,45.27,338.27
1750,-2.5757,-2.5146,2.1240,44.31,337.59
1760,-2.7832,-2.7222,2.0752,44.36,339.55
1770,-2.6855,-2.5146,2.0996,43.12,338.65
1780,-2.6123,-2.6489,2.0386,45.40,338.68
1790,-2.7954,-2.4658,2.1851,41.42,338.65
1800,-2.6489,-2.5635,2.1240,44.06,338.15
1810,-2.4536,-2.6489,2.1362,47.19,336.48
1820,-2.7710,-2.3560,2.1362,40.37,338.92
1830,-2.4780,-2.4170,2.0020,44.29,338.00
1840,-2.4902,-2.5146,2.1118,45.28,337.02
1850,-2.3804,-2.6123,1.9897,47.66,337.32
1860,-2.5391,-2.5757,2.0874,45.41,337.65
1870,-2.6489,-2.6123,2.0264,44.60,339.07
1880,-2.6245,-2.5391,2.2461,44.05,336.83
1890,-2.6123,-2.4536,2.1729,43.21,337.42
1900,-2.3560,-2.6001,2.1240,47.82,335.74
1910,-2.7100,-2.5391,2.1484,43.14,338.38
1920,-2.8198,-2.7344,2.0874,44.12,339.69
1930,-2.7222,-2.6855,2.0752,44.61,339.13
1940,-2.4170,-2.4170,2.1606,45.00,335.92
1950,-2.5635,-2.5024,2.1362,44.31,337.38
1960,-2.4902,-2.4658,2.1484,44.72,336.67
1970,-2.8320,-2.6611,2.2705,43.22,338.16
1980,-2.7954,-2.4658,2.1484,41.42,338.98
1990,-2.8198,-2.3682,2.1606,40.02,339.04
2000,-2.4780,-2.7100,2.1240,47.56,336.80
2010,-2.5146,-2.6001,2.0874,45.96,337.46
2020,-2.8809,-2.3315,2.1362,38.98,339.66
2030,-2.6123,-2.5146,2.1118,43.91,337.99
2040,-2.9053,-2.5024,1.9897,40.74,341.10
2050,-2.5879,-2.5757,2.2217,44.86,336.77
2060,-2.5635,-2.8442,2.0996,47.97,337.73
2070,-2.4292,-2.2949,2.0752,43.37,336.87
2080,-2.3926,-2.6367,2.2095,47.78,335.22
2090,-2.5391,-2.6001,2.0752,45.68,337.77
2100,-2.5146,-2.5879,2.1973,45.82,336.40
2110,-2.7222,-2.3682,2.0142,41.02,339.70
2120,-2.8320,-2.3560,2.0508,39.76,340.10
2130,-2.6367,-2.5024,2.1729,43.50,337.61
2140,-2.6733,-2.7100,2.1362,45.39,338.22
2150,-2.5879,-2.4536,2.1362,43.47,337.57
2160,-2.6855,-2.6367,2.0264,44.47,339.33
2170,-2.6611,-2.6855,2.1606,45.26,337.90
2180,-2.7344,-2.5635,2.0996,43.15,339.00
2190,-2.4048,-2.6733,2.1729,48.03,335.69
2200,-2.6367,-2.4536,2.0630,42.94,338.63
2210,-2.5391,-2.2827,2.0630,41.96,337.89
2220,-2.7588,-2.7222,2.0996,44.62,339.17
2230,-2.6001,-2.4780,2.1484,43.62,337.55
2240,-2.5391,-2.2705,2.1729,41.80,336.83
2250,-2.7466,-2.3926,1.9775,41.06,340.20
2260,-2.4780,-2.5024,2.1240,45.28,336.80
2270,-2.7100,-2.4292,2.0386,41.87,339.39
2280,-2.4170,-2.5269,2.1118,46.27,336.40
2290,-2.4902,-2.3926,2.0630,43.85,337.50
2300,-2.4292,-2.3193,2.1118,43.67,336.51
2310,-2.5879,-2.4170,2.2461,43.04,336.54
2320,-2.8809,-2.6367,2.0508,42.47,340.41
2330,-2.6489,-2.7710,2.2217,46.29,337.25
2340,-2.6123,-2.4414,2.0874,43.06,338.22
2350,-2.3926,-2.5146,2.1729,46.42,335.58
2360,-2.6123,-2.3804,2.0630,42.34,338.45
2370,-2.5146,-2.6123,2.0630,46.09,337.70
2380,-2.7100,-2.4780,2.2095,42.44,337.82
2390,-2.6001,-2.4292,2.0020,43.05,338.94
2400,-2.7832,-2.5146,2.0020,42.10,340.22
2410,-2.4780,-2.3926,2.0874,43.99,337.16
2420,-2.4658,-2.4780,2.1606,45.14,336.34
2430,-2.6001,-2.6855,2.0142,45.93,338.83
2440,-2.6367,-2.6123,2.1484,44.73,337.83
2450,-2.5635,-2.4658,1.9897,43.89,338.79
2460,-2.5513,-2.3804,2.1484,43.02,337.17
2470,-2.4780,-2.4414,2.0630,44.57,337.40
2480,-2.6611,-2.7710,2.1973,46.16,337.57
2490,-2.7100,-2.4536,2.0508,42.16,339.27
2500,-2.5391,-2.5635,2.0264,45.27,338.25
2510,-2.7466,-2.6489,2.1729,43.96,338.42
2520,-2.6733,-2.7344,2.2461,45.65,337.21
2530,-2.6978,-2.4658,2.0996,42.43,338.74
2540,-2.7588,-2.7100,2.1240,44.49,338.95
2550,-2.5146,-2.4780,2.1362,44.58,336.99
2560,-2.4170,-2.5635,2.0752,46.68,336.77
2570,-2.4414,-2.6611,2.0264,47.47,337.46
2580,-2.7222,-2.4170,2.0386,41.60,339.47
2590,-2.4780,-2.6367,2.1484,46.78,336.56
2600,-2.8442,-2.6611,2.1240,43.10,339.52
2610,-2.6367,-2.3560,2.0874,41.78,338.40
2620,-2.9541,-2.4658,2.0386,39.85,340.96
2630,-2.3926,-2.6001,2.0874,47.38,336.43
2640,-2.7588,-2.5146,2.1240,42.35,338.95
2650,-2.5146,-2.6611,2.1973,46.62,336.40
2660,-2.8564,-2.5757,2.0142,42.04,340.58
2670,-2.6978,-2.5879,2.1118,43.81,338.62
2680,-2.4536,-2.5513,2.0996,46.12,336.84
2690,-2.4780,-2.5879,2.2217,46.24,335.85
2700,-2.8198,-2.3438,2.1484,39.73,339.15
2710,-2.6245,-2.2461,2.0508,40.56,338.66
2720,-2.5635,-2.7710,2.1240,47.23,337.50
2730,-2.7222,-2.6001,2.2339,43.69,337.69
2740,-2.4658,-2.7954,2.1240,48.58,336.70
2750,-2.6123,-2.5757,2.1118,44.60,337.99
2760,-2.5635,-2.5269,2.0874,44.59,337.85
2770,-2.7344,-2.4780,2.1851,42.18,338.22
2780,-2.6245,-2.5635,2.1240,44.33,337.97
2790,-2.7710,-2.5635,2.1240,42.77,339.03
2800,-2.5635,-2.5635,2.1240,45.00,337.50
2810,-2.7222,-2.5146,2.0630,42.73,339.25
2820,-2.6123,-2.3804,2.0630,42.34,338.45
2830,-2.7832,-2.3926,2.1362,40.68,339.00
2840,-2.6855,-2.6123,2.0508,44.21,339.10
2850,-2.6489,-2.4780,2.0386,43.09,338.95
2860,-2.3804,-2.4658,2.1729,46.01,335.47
2870,-2.7100,-2.3804,2.0752,41.30,339.05
2880,-2.7954,-2.4658,2.0508,41.42,339.86
2890,-2.7710,-2.3682,2.0508,40.52,339.69
2900,-2.4902,-2.4658,2.1484,44.72,336.67
2910,-2.6001,-2.5513,2.1362,44.46,337.67
2920,-2.4658,-2.4902,2.1240,45.28,336.70
2930,-2.5146,-2.4536,2.1240,44.30,337.10
2940,-2.4780,-2.6978,2.0874,47.43,337.16
2950,-2.6855,-2.6245,2.1118,44.34,338.54
2960,-2.5635,-2.5635,2.0508,45.00,338.20
2970,-2.3315,-2.7100,1.9897,49.29,336.89
2980,-2.7100,-2.6611,2.0630,44.48,339.16
2990,-2.5269,-2.5391,2.1484,45.14,336.97
3000,-2.5269,-2.5024,2.1362,44.72,337.09
3010,-2.6611,-2.5146,2.0386,43.38,339.04
3020,-2.7588,-2.4170,2.0752,41.22,339.39
3030,-2.4902,-2.3315,2.1606,43.11,336.55
3040,-2.6855,-2.8809,2.0874,47.01,338.76
3050,-2.6245,-2.4658,2.1851,43.21,337.40
3060,-2.9053,-2.3438,2.0630,38.89,340.45
3070,-2.5757,-2.5146,2.0752,44.31,338.06
3080,-2.4414,-2.5269,2.1851,45.99,335.89
3090,-2.5879,-2.5513,2.1362,44.59,337.57
3100,-2.6489,-2.6245,2.0874,44.73,338.50
3110,-2.5146,-2.6123,2.0630,46.09,337.70
3120,-2.6855,-2.5879,2.2217,43.94,337.53
3130,-2.4414,-2.5146,2.1606,45.85,336.13
3140,-2.3926,-2.5146,2.0874,46.42,336.43
3150,-2.6733,-2.5635,2.0996,43.80,338.56
3160,-2.6611,-2.5269,2.1362,43.52,338.13
3170,-2.6611,-2.6733,2.1362,45.13,338.13
3180,-2.4170,-2.6245,2.1484,47.36,336.04
3190,-2.4048,-2.7344,2.0508,48.67,336.91
3200,-2.6978,-2.5269,2.0386,43.13,339.30
3210,-2.6611,-2.5635,2.0264,43.93,339.16
3220,-2.7832,-2.6855,2.1606,43.98,338.79
3230,-2.5024,-2.4170,2.0752,44.00,337.48
3240,-2.2949,-2.6123,2.0996,48.70,335.42
3250,-2.6733,-2.3804,2.0508,41.68,339.02
3260,-2.7588,-2.7222,2.1240,44.62,338.95
3270,-2.4536,-2.5879,2.1240,46.53,336.60
3280,-2.6978,-2.3193,2.0264,40.69,339.42
3290,-2.5391,-2.4780,2.1362,44.30,337.18
3300,-2.4902,-2.3560,2.1118,43.41,337.02
3310,-2.6245,-2.5635,2.0142,44.33,339.01
3320,-2.7588,-2.5146,2.0386,42.35,339.72
3330,-2.7344,-2.9053,2.1118,46.74,338.89
3340,-2.6123,-2.5146,2.1484,43.91,337.65
3350,-2.6855,-2.5024,2.1118,42.98,338.54
3360,-2.6855,-2.4536,2.1362,42.42,338.31
3370,-2.4780,-2.6123,2.1606,46.51,336.44
3380,-2.7588,-2.5391,2.1973,42.63,338.29
3390,-2.6367,-2.4658,2.1973,43.08,337.38
3400,-2.6367,-2.3682,2.1362,41.93,337.95
3410,-2.7100,-2.7344,2.1362,45.26,338.49
3420,-2.5391,-2.2217,2.0386,41.19,338.13
3430,-2.4048,-2.4170,2.1362,45.15,336.05
3440,-2.8198,-2.6245,2.0386,42.95,340.13
3450,-2.5879,-2.4536,2.1362,43.47,337.57
3460,-2.6367,-2.6001,2.1118,44.60,338.18
3470,-2.6001,-2.5024,2.1362,43.90,337.67
3480,-2.7344,-2.6489,2.0996,44.09,339.00
3490,-2.4292,-2.5635,2.0264,46.54,337.36
3500,-2.5146,-2.5635,1.9897,45.55,338.41
3510,-2.5146,-2.4658,2.2827,44.44,335.59
3520,-2.5024,-2.5391,2.1362,45.42,336.89
3530,-2.5879,-2.3071,2.1118,41.72,337.80
3540,-2.6611,-2.6489,2.0508,44.87,338.93
3550,-2.8076,-2.6001,2.0752,42.80,339.72
3560,-2.4902,-2.4658,2.1362,44.72,336.78
3570,-2.6733,-2.6001,2.1606,44.20,338.00
3580,-2.4780,-2.5269,2.0752,45.56,337.28
3590,-2.5269,-2.6489,2.1240,46.35,337.20
3600,-2.4414,-2.4658,2.1973,45.29,335.77
3610,-2.8076,-2.5391,2.0508,42.12,339.94
3620,-2.4414,-2.2461,2.1118,42.61,336.61
3630,-2.5391,-2.5635,2.1606,45.27,336.95
3640,-2.3315,-2.5269,2.2095,47.30,334.65
3650,-2.7344,-2.6733,2.1484,44.35,338.55
3660,-2.3193,-2.6489,2.0996,48.80,335.65
3670,-2.5635,-2.5513,2.1362,44.86,337.38
3680,-2.5391,-2.5024,2.1851,44.58,336.72
3690,-2.5635,-2.6733,2.0386,46.20,338.32
3700,-2.4780,-2.5391,2.0508,45.70,337.52
3710,-2.4658,-2.5757,2.1118,46.25,336.82
3720,-2.6123,-2.5269,2.0630,44.05,338.45
3730,-2.6367,-2.6001,2.1973,44.60,337.38
3740,-2.5391,-2.2217,2.1362,41.19,337.18
3750,-2.6367,-2.4780,2.0752,43.22,338.52
3760,-2.3560,-2.6489,2.1118,48.35,335.86
3770,-2.6855,-2.2949,2.0874,40.52,338.76
3780,-2.7100,-2.5269,2.1729,43.00,338.15
3790,-2.7222,-2.3926,2.0874,41.31,339.02
3800,-2.6123,-2.4536,2.1240,43.21,337.88
3810,-2.7954,-2.4780,2.1118,41.56,339.31
3820,-2.4658,-2.5635,2.1606,46.11,336.34
3830,-2.5635,-2.6978,2.1240,46.46,337.50
3840,-2.6245,-2.1118,2.3071,38.82,336.27
3850,-2.6611,-2.4902,2.1484,43.10,338.02
3860,-2.5635,-2.4414,2.0020,43.60,338.67
3870,-2.4414,-2.5146,2.0386,45.85,337.34
3880,-2.8564,-2.5146,2.1118,41.36,339.71
3890,-2.5146,-2.5391,2.0874,45.28,337.46
3900,-2.6733,-2.7466,2.1851,45.77,337.77
3910,-2.6001,-2.5757,2.0508,44.73,338.48
3920,-2.5269,-2.3560,2.1362,43.00,337.09
3930,-2.5391,-2.6733,2.0386,46.48,338.13
3940,-2.9907,-2.3560,2.0386,38.23,341.18
3950,-2.5146,-2.5879,2.1240,45.82,337.10
3960,-2.4780,-2.4658,2.1973,44.86,336.09
3970,-2.5024,-2.6245,2.0508,46.36,337.72
3980,-2.4902,-2.4902,2.1362,45.00,336.78
3990,-2.5635,-2.2827,2.1240,41.68,337.50
4000,-2.8564,-2.4902,2.2583,41.08,338.43
4010,-2.6611,-2.4658,2.1729,42.82,337.79
4020,-2.4658,-2.4170,2.0386,44.43,337.54
4030,-2.5269,-2.6489,2.0874,46.35,337.56
4040,-2.6611,-2.4048,2.0508,42.10,338.93
4050,-2.5635,-2.6733,2.1484,46.20,337.26
4060,-2.7344,-2.5024,2.2217,42.46,337.89
4070,-2.6245,-2.4536,2.1362,43.07,337.85
4080,-2.6855,-2.5879,2.1118,43.94,338.54
4090,-2.6123,-2.5635,1.9653,44.46,339.39
4100,-2.7344,-2.5513,2.2095,43.02,338.00
4110,-2.5879,-2.5146,2.2095,44.18,336.88
4120,-2.5879,-2.6978,2.1362,46.19,337.57
4130,-2.5757,-2.2583,2.0508,41.24,338.29
4140,-2.8076,-2.5879,2.0996,42.67,339.50
4150,-2.7588,-2.6855,2.1606,44.23,338.62
4160,-2.6611,-2.5879,2.1484,44.20,338.02
4170,-2.4414,-2.3926,2.1973,44.42,335.77
4180,-2.4292,-2.5269,2.0630,46.13,336.99
4190,-2.6367,-2.6611,2.1973,45.26,337.38
4200,-2.4536,-2.4658,2.1484,45.14,336.36
4210,-2.7344,-2.6123,2.0752,43.69,339.22
4220,-2.6367,-2.3315,2.0874,41.49,338.40
4230,-2.3926,-2.5757,2.0752,47.11,336.55
4240,-2.4780,-2.6245,2.0264,46.64,337.76
4250,-2.6489,-2.5146,2.0752,43.51,338.61
4260,-2.6123,-2.5269,2.0874,44.05,338.22
4270,-2.5513,-2.6001,2.1729,45.54,336.93
4280,-2.5024,-2.6489,2.0508,46.63,337.72
4290,-2.7710,-2.4780,2.0020,41.81,340.14
4300,-2.4780,-2.5513,2.1118,45.83,336.92
4310,-2.6367,-2.5635,2.1484,44.19,337.83
4320,-2.5879,-2.5757,2.1118,44.86,337.80
4330,-2.4048,-2.5391,2.0996,46.56,336.42
4340,-2.6245,-2.5879,2.0996,44.60,338.20
4350,-2.6489,-2.5269,2.1484,43.65,337.93
4360,-2.4048,-2.3315,2.0142,44.11,337.28
4370,-2.7344,-2.5391,2.0142,42.88,339.78
4380,-2.5513,-2.5879,2.0874,45.41,337.75
4390,-2.6611,-2.6611,2.1240,45.00,338.24
4400,-2.5024,-2.5757,2.1240,45.83,337.00
4410,-2.5024,-2.5269,2.1484,45.28,336.77
4420,-2.6611,-2.6123,2.1240,44.47,338.24
4430,-2.5757,-2.6733,2.1851,46.07,337.01
4440,-2.3560,-2.6123,2.1606,47.95,335.37
4450,-2.5391,-2.6855,2.0630,46.61,337.89
4460,-2.6123,-2.6489,2.0996,45.40,338.11
4470,-2.5635,-2.2095,1.9653,40.76,339.03
4480,-2.2217,-2.4170,2.1729,47.41,333.94
4490,-2.5146,-2.5024,2.2705,44.86,335.70
4500,-2.4658,-2.5635,2.1362,46.11,336.58
4510,-2.6123,-2.3193,2.0996,41.60,338.11
4520,-2.9785,-2.7466,2.2095,42.68,339.65
4530,-2.5635,-2.4536,2.1362,43.75,337.38
4540,-2.3315,-2.5757,2.0386,47.85,336.39
4550,-2.5391,-2.5757,2.2095,45.41,336.49
4560,-2.5513,-2.4292,2.0508,43.60,338.10
4570,-2.5146,-2.4780,2.1729,44.58,336.63
4580,-2.8931,-2.5269,2.1973,41.13,339.21
4590,-2.1973,-2.6001,2.0996,49.80,334.46
4600,-2.6611,-2.5391,2.1484,43.66,338.02
4610,-2.6978,-2.8931,2.2339,47.00,337.51
4620,-2.7466,-2.3926,2.0874,41.06,339.19
4630,-2.8442,-2.5146,2.1729,41.48,339.09
4640,-2.4902,-2.6367,2.1729,46.64,336.43
4650,-2.6001,-2.8564,2.0264,47.69,338.71
4660,-2.5879,-2.3682,2.2095,42.46,336.88
4670,-2.6855,-2.6001,2.2095,44.07,337.64
4680,-2.4780,-2.4902,2.1240,45.14,336.80
4690,-2.4780,-2.5269,2.0874,45.56,337.16
4700,-2.7466,-2.5635,2.0508,43.03,339.53
4710,-2.5391,-2.4048,2.2217,43.44,336.37
4720,-2.9297,-2.6245,2.1973,41.86,339.44
4730,-2.7832,-2.7344,2.2095,44.49,338.35
4740,-2.7832,-2.4902,2.1606,41.82,338.79
4750,-2.8320,-2.6855,2.1606,43.48,339.12
4760,-2.7588,-2.5146,2.1362,42.35,338.84
4770,-2.6001,-2.3438,2.1851,42.03,337.21
4780,-2.5391,-2.5269,2.1851,44.86,336.72
4790,-2.3438,-2.5146,2.1118,47.01,335.75
4800,-2.6611,-2.4414,2.1362,42.53,338.13
4810,-2.6367,-2.3438,2.1484,41.63,337.83
4820,-2.7954,-2.5757,2.0874,42.66,339.53
4830,-2.6978,-2.5269,2.0752,43.13,338.96
4840,-2.3926,-2.3926,2.1118,45.00,336.19
4850,-2.6001,-2.4048,2.1729,42.77,337.32
4860,-2.5879,-2.4414,2.0142,43.33,338.74
4870,-2.6245,-2.5635,2.0996,44.33,338.20
4880,-2.7954,-2.5146,2.0874,41.97,339.53
4890,-2.6123,-2.4048,2.0020,42.63,339.03
4900,-2.6733,-2.5635,2.1484,43.80,338.11
4910,-2.8564,-2.6611,2.0264,42.97,340.47
4920,-2.3926,-2.7588,2.1606,49.07,335.70
4930,-2.2217,-2.5879,2.0996,49.35,334.71
4940,-2.5024,-2.5635,2.1362,45.69,336.89
4950,-2.5513,-2.4902,2.1729,44.31,336.93
4960,-2.8687,-2.5513,2.0386,41.65,340.44
4970,-2.6001,-2.4536,2.0752,43.34,338.24
4980,-2.6123,-2.6978,2.1606,45.92,337.53
4990,-2.8076,-2.5635,2.0752,42.40,339.72
